epoch,followers,following,media,accessibility_caption,comments_disabled,liked_by,is_video,location,taken_at,caption
1548883838.207854,1041,214,62,,,,,,,
1548884420.9332724,1041,214,62,,,,,,,
1548885010.5991302,1041,214,62,,,,,,,
1548885620.4892027,1041,214,62,,,,,,,
1548886212.0250418,1041,214,62,,,,,,,
1548886812.1039572,1041,214,62,,,,,,,
1548887411.5268078,1041,214,62,,,,,,,
1548888011.0275009,1041,214,62,,,,,,,
1548888612.30085,1041,214,62,,,,,,,
