epoch,followers,following,media,accessibility_caption,comments_disabled,liked_by,is_video,location,taken_at,caption
1548680264.1012242,1044,213,62,,,,,,,
1548680415.77173,1044,213,62,,,,,,,
1548681010.4573712,1044,213,62,,,,,,,
1548681610.2157617,1044,213,62,,,,,,,
1548682210.6803713,1044,213,62,,,,,,,
1548682810.5052876,1044,213,62,,,,,,,
1548683409.9771965,1044,213,62,,,,,,,
1548684011.0926383,1044,213,62,,,,,,,
1548684610.4755123,1044,213,62,,,,,,,
1548685210.3910873,1044,213,62,,,,,,,
1548685812.703195,1044,213,62,,,,,,,
1548686410.83556,1044,213,62,,,,,,,
1548687010.7272725,1044,213,62,,,,,,,
1548687619.3168838,1044,213,62,,,,,,,
1548688210.1477175,1044,213,62,,,,,,,
1548688810.8606596,1044,213,62,,,,,,,
1548689410.509551,1044,213,62,,,,,,,
1548690009.7174203,1044,213,62,,,,,,,
1548690610.2412977,1044,213,62,,,,,,,
1548691210.518187,1044,213,62,,,,,,,
1548691810.4691424,1044,213,62,,,,,,,
1548692410.6000006,1044,213,62,,,,,,,
1548693015.4948552,1044,213,62,,,,,,,
1548693609.977249,1044,213,62,,,,,,,
1548694210.6665282,1044,213,62,,,,,,,
1548694810.5227575,1044,213,62,,,,,,,
1548695412.56138,1044,213,62,,,,,,,
1548696014.260195,1044,213,62,,,,,,,
1548696609.8660798,1044,213,62,,,,,,,
1548697210.20492,1044,213,62,,,,,,,
1548697810.9252963,1044,213,62,,,,,,,
1548698410.229064,1044,213,62,,,,,,,
1548699012.3807666,1044,213,62,,,,,,,
1548699611.078398,1044,213,62,,,,,,,
1548700212.0285635,1044,213,62,,,,,,,
1548700810.4682436,1044,213,62,,,,,,,
1548701410.5137837,1044,213,62,,,,,,,
1548702010.3844104,1044,213,62,,,,,,,
1548702609.9757605,1044,213,62,,,,,,,
1548703211.3012435,1044,213,62,,,,,,,
1548703811.4778905,1044,213,62,,,,,,,
1548704410.2769344,1044,213,62,,,,,,,
1548705010.1060765,1044,213,62,,,,,,,
