epoch,followers,following,media,accessibility_caption,comments_disabled,liked_by,is_video,location,taken_at,caption
1548680264.1012242,1044,213,62,,,,,,,
1548680415.77173,1044,213,62,,,,,,,
1548681010.4573712,1044,213,62,,,,,,,
1548681610.2157617,1044,213,62,,,,,,,
1548682210.6803713,1044,213,62,,,,,,,
1548682810.5052876,1044,213,62,,,,,,,
1548683409.9771965,1044,213,62,,,,,,,
