epoch,followers,following,media,accessibility_caption,comments_disabled,liked_by,is_video,location,taken_at,caption
1548680264.1012242,1044,213,62,,,,,,,
1548680415.77173,1044,213,62,,,,,,,
1548681010.4573712,1044,213,62,,,,,,,
1548681610.2157617,1044,213,62,,,,,,,
1548682210.6803713,1044,213,62,,,,,,,
1548682810.5052876,1044,213,62,,,,,,,
1548683409.9771965,1044,213,62,,,,,,,
1548684011.0926383,1044,213,62,,,,,,,
1548684610.4755123,1044,213,62,,,,,,,
1548685210.3910873,1044,213,62,,,,,,,
1548685812.703195,1044,213,62,,,,,,,
1548686410.83556,1044,213,62,,,,,,,
1548687010.7272725,1044,213,62,,,,,,,
1548687619.3168838,1044,213,62,,,,,,,
1548688210.1477175,1044,213,62,,,,,,,
1548688810.8606596,1044,213,62,,,,,,,
1548689410.509551,1044,213,62,,,,,,,
1548690009.7174203,1044,213,62,,,,,,,
1548690610.2412977,1044,213,62,,,,,,,
1548691210.518187,1044,213,62,,,,,,,
1548691810.4691424,1044,213,62,,,,,,,
1548692410.6000006,1044,213,62,,,,,,,
1548693015.4948552,1044,213,62,,,,,,,
1548693609.977249,1044,213,62,,,,,,,
1548694210.6665282,1044,213,62,,,,,,,
