epoch,followers,following,media,accessibility_caption,comments_disabled,liked_by,is_video,location,taken_at,caption
1548680268.7590897,2105,220,33,,,,,,,
1548680420.5689826,2105,220,33,,,,,,,
1548681015.4243934,2105,220,33,,,,,,,
1548681615.350617,2105,220,33,,,,,,,
1548682215.435449,2105,220,33,,,,,,,
1548682815.6726007,2104,220,33,,,,,,,
1548683414.668615,2104,220,33,,,,,,,
