epoch,followers,following,media,accessibility_caption,comments_disabled,liked_by,is_video,location,taken_at,caption
1548680270.718669,5167,493,57,,,,,,,
1548680422.1937876,5167,493,57,,,,,,,
1548681017.124121,5167,493,57,,,,,,,
1548681617.2687106,5167,493,57,,,,,,,
1548682218.1400757,5167,493,57,,,,,,,
1548682817.3231368,5167,493,57,,,,,,,
1548683416.5880926,5167,493,57,,,,,,,
