epoch,followers,following,media,accessibility_caption,comments_disabled,liked_by,is_video,location,taken_at,caption
1548883845.3587532,5229,495,57,,,,,,,
1548884434.361268,5229,495,57,,,,,,,
1548885017.4440415,5229,495,57,,,,,,,
1548885634.1215887,5229,495,57,,,,,,,
1548886218.9769244,5229,495,57,,,,,,,
1548886818.826283,5229,495,57,,,,,,,
1548887419.9136057,5229,495,57,,,,,,,
1548888018.8229399,5229,495,57,,,,,,,
