epoch,followers,following,media,accessibility_caption,comments_disabled,liked_by,is_video,location,taken_at,caption
1548883845.3587532,5229,495,57,,,,,,,
1548884434.361268,5229,495,57,,,,,,,
1548885017.4440415,5229,495,57,,,,,,,
1548885634.1215887,5229,495,57,,,,,,,
1548886218.9769244,5229,495,57,,,,,,,
1548886818.826283,5229,495,57,,,,,,,
1548887419.9136057,5229,495,57,,,,,,,
1548888018.8229399,5229,495,57,,,,,,,
1548890417.4552114,5228,495,57,,,,,,,
1548891019.6409848,5228,495,57,,,,,,,
1548891622.0968485,5228,495,57,,,,,,,
1548892218.7972865,5228,495,57,,,,,,,
1548892819.4841652,5228,495,57,,,,,,,
1548893419.7599065,5227,495,57,,,,,,,
1548894018.9864297,5227,495,57,,,,,,,
1548894617.7419682,5227,495,57,,,,,,,
1548895217.8245702,5227,495,57,,,,,,,
1548895817.9692416,5227,495,57,,,,,,,
1548896418.081304,5227,495,57,,,,,,,
1548897024.116614,5227,495,57,,,,,,,
1548897617.3226109,5227,495,57,,,,,,,
1548898218.3069804,5227,495,57,,,,,,,
1548898820.2054229,5227,495,57,,,,,,,
1548899418.4130204,5227,495,57,,,,,,,
