epoch,followers,following,media
1548523202.3595011,946,170,6
1548523802.4165056,946,170,6
1548524401.741096,946,170,6
1548525001.7657979,946,170,6
1548525601.7920449,946,170,6
1548526202.14013,946,170,6
1548526802.1770735,946,170,6
1548527402.2148163,946,170,6
1548528001.8598435,946,170,6
1548528601.8825219,946,170,6
1548529201.9212372,946,170,6
1548529802.5621989,946,170,6
1548530401.6177764,946,170,6
1548531001.6334498,946,170,6
1548531602.280587,946,170,6
1548532202.3211417,946,170,6
