epoch,followers,following,media,accessibility_caption,comments_disabled,liked_by,is_video,location,taken_at,caption
1548680279.9656286,991,56,6,1 person indoor,False,288,False,,1542825398,What’s poppin?
1548680430.817946,991,56,6,1 person indoor,False,288,False,,1542825398,What’s poppin?
1548681026.244027,991,56,6,1 person indoor,False,288,False,,1542825398,What’s poppin?
1548681629.3180735,991,56,6,1 person indoor,False,288,False,,1542825398,What’s poppin?
1548682226.954013,991,56,6,1 person indoor,False,288,False,,1542825398,What’s poppin?
1548682825.7052524,991,56,6,1 person indoor,False,288,False,,1542825398,What’s poppin?
1548683426.0302691,991,56,6,1 person indoor,False,288,False,,1542825398,What’s poppin?
1548684029.5345783,991,56,6,1 person indoor,False,288,False,,1542825398,What’s poppin?
1548684625.8389642,991,56,6,1 person indoor,False,288,False,,1542825398,What’s poppin?
1548685230.3677597,992,56,6,1 person indoor,False,288,False,,1542825398,What’s poppin?
1548685832.3864124,992,56,6,1 person indoor,False,288,False,,1542825398,What’s poppin?
1548686426.3322647,992,56,6,1 person indoor,False,288,False,,1542825398,What’s poppin?
1548687031.2578437,992,56,6,1 person indoor,False,288,False,,1542825398,What’s poppin?
1548687635.3685446,992,56,6,1 person indoor,False,288,False,,1542825398,What’s poppin?
1548688225.7252254,992,56,6,1 person indoor,False,288,False,,1542825398,What’s poppin?
1548688826.3308046,992,56,6,1 person indoor,False,288,False,,1542825398,What’s poppin?
1548689425.652128,992,56,6,1 person indoor,False,288,False,,1542825398,What’s poppin?
1548690027.2316802,992,56,6,1 person indoor,False,288,False,,1542825398,What’s poppin?
1548690625.905807,992,56,6,1 person indoor,False,288,False,,1542825398,What’s poppin?
1548691226.229891,992,56,6,1 person indoor,False,288,False,,1542825398,What’s poppin?
1548691826.6554434,992,56,6,1 person indoor,False,288,False,,1542825398,What’s poppin?
1548692426.1344402,992,56,6,1 person indoor,False,288,False,,1542825398,What’s poppin?
1548693030.8781066,993,56,6,1 person indoor,False,288,False,,1542825398,What’s poppin?
1548693629.4309738,993,56,6,1 person indoor,False,288,False,,1542825398,What’s poppin?
1548694226.578544,993,56,6,1 person indoor,False,288,False,,1542825398,What’s poppin?
