epoch,followers,following,media
1548523202.3595011,978,56,6
1548523802.4165056,978,56,6
1548524401.741096,978,56,6
1548525001.7657979,978,56,6
1548525601.7920449,978,56,6
1548526202.14013,978,56,6
1548526802.1770735,978,56,6
1548527402.2148163,978,56,6
1548528001.8598435,978,56,6
1548528601.8825219,978,56,6
1548529201.9212372,978,56,6
1548529802.5621989,978,56,6
1548530401.6177764,978,56,6
1548531001.6334498,978,56,6
1548531602.280587,978,56,6
1548532202.3211417,979,56,6
