epoch,followers,following,media,accessibility_caption,comments_disabled,liked_by,is_video,location,taken_at,caption
1548680262.3540344,1146,442,131,,,,,,,
1548680408.6160004,1146,442,131,,,,,,,
1548681008.598816,1146,442,131,,,,,,,
1548681608.2964702,1146,442,131,,,,,,,
1548682208.391094,1146,442,131,,,,,,,
1548682808.407761,1146,442,131,,,,,,,
1548683408.178563,1146,442,131,,,,,,,
