epoch,followers,following,media,accessibility_caption,comments_disabled,liked_by,is_video,location,taken_at,caption
1548680262.3540344,1146,442,131,,,,,,,
1548680408.6160004,1146,442,131,,,,,,,
1548681008.598816,1146,442,131,,,,,,,
1548681608.2964702,1146,442,131,,,,,,,
1548682208.391094,1146,442,131,,,,,,,
1548682808.407761,1146,442,131,,,,,,,
1548683408.178563,1146,442,131,,,,,,,
1548684008.5823045,1146,442,131,,,,,,,
1548684608.651085,1146,442,131,,,,,,,
1548685208.6087813,1146,442,131,,,,,,,
1548685808.4300072,1146,442,131,,,,,,,
1548686408.9986918,1146,442,131,,,,,,,
1548687008.5088482,1145,442,131,,,,,,,
1548687613.5363836,1145,442,131,,,,,,,
1548688208.3484209,1145,442,131,,,,,,,
1548688809.025176,1145,442,131,,,,,,,
1548689408.4469812,1145,442,131,,,,,,,
1548690007.7978275,1145,442,131,,,,,,,
1548690608.420266,1145,442,131,,,,,,,
1548691208.6746533,1145,442,131,,,,,,,
1548691808.5882676,1145,442,131,,,,,,,
1548692408.4583235,1145,442,131,,,,,,,
1548693013.6546822,1145,442,131,,,,,,,
1548693608.085022,1145,442,131,,,,,,,
1548694208.7455812,1145,442,131,,,,,,,
