epoch,followers,following,media,accessibility_caption,comments_disabled,liked_by,is_video,location,taken_at,caption
1548680266.8291,988,507,23,,,,,,,
1548680418.5912142,988,507,23,,,,,,,
1548681013.5021255,988,507,23,,,,,,,
1548681613.323663,988,507,23,,,,,,,
1548682213.502233,988,507,23,,,,,,,
1548682813.6140232,988,507,23,,,,,,,
1548683412.6636493,988,507,23,,,,,,,
1548684014.0222952,988,507,23,,,,,,,
1548684613.603943,988,507,23,,,,,,,
1548685213.3177068,988,507,23,,,,,,,
1548685816.1329052,988,507,23,,,,,,,
1548686413.6140916,988,507,23,,,,,,,
1548687013.444065,988,507,23,,,,,,,
1548687622.4037309,988,507,23,,,,,,,
1548688213.0726993,988,507,23,,,,,,,
1548688813.79561,988,507,23,,,,,,,
1548689413.2504807,988,507,23,,,,,,,
1548690012.3441896,988,507,23,,,,,,,
1548690612.9123573,988,507,23,,,,,,,
1548691213.816322,988,507,23,,,,,,,
1548691813.453947,988,507,23,,,,,,,
1548692413.377097,988,507,23,,,,,,,
1548693018.3451319,988,507,23,,,,,,,
1548693613.253562,988,507,23,,,,,,,
1548694213.6812184,988,507,23,,,,,,,
