epoch,followers,following,media,accessibility_caption,comments_disabled,liked_by,is_video,location,taken_at,caption
1548883841.291199,1017,508,29,,,,,,,
1548884423.8766794,1017,508,29,,,,,,,
1548885013.4406583,1015,508,29,,,,,,,
1548885624.9676087,1015,508,29,,,,,,,
1548886214.9230585,1015,508,29,,,,,,,
1548886814.958695,1015,508,29,,,,,,,
1548887415.7088494,1026,508,29,1 person standing,False,197,False,schonaich,1548355578,Always me getting the messy hair
1548888014.9768212,1025,509,29,1 person standing,False,197,False,schonaich,1548355578,Always me getting the messy hair
1548888615.9310808,1025,509,29,1 person standing,False,197,False,schonaich,1548355578,Always me getting the messy hair
