epoch,followers,following,media,accessibility_caption,comments_disabled,liked_by,is_video,location,taken_at,caption
1548680266.8291,988,507,23,,,,,,,
1548680418.5912142,988,507,23,,,,,,,
1548681013.5021255,988,507,23,,,,,,,
1548681613.323663,988,507,23,,,,,,,
1548682213.502233,988,507,23,,,,,,,
1548682813.6140232,988,507,23,,,,,,,
1548683412.6636493,988,507,23,,,,,,,
1548684014.0222952,988,507,23,,,,,,,
1548684613.603943,988,507,23,,,,,,,
1548685213.3177068,988,507,23,,,,,,,
1548685816.1329052,988,507,23,,,,,,,
1548686413.6140916,988,507,23,,,,,,,
1548687013.444065,988,507,23,,,,,,,
1548687622.4037309,988,507,23,,,,,,,
1548688213.0726993,988,507,23,,,,,,,
1548688813.79561,988,507,23,,,,,,,
1548689413.2504807,988,507,23,,,,,,,
1548690012.3441896,988,507,23,,,,,,,
1548690612.9123573,988,507,23,,,,,,,
1548691213.816322,988,507,23,,,,,,,
1548691813.453947,988,507,23,,,,,,,
1548692413.377097,988,507,23,,,,,,,
1548693018.3451319,988,507,23,,,,,,,
1548693613.253562,988,507,23,,,,,,,
1548694213.6812184,988,507,23,,,,,,,
1548694813.8460991,988,507,23,,,,,,,
1548695415.1692631,988,507,23,,,,,,,
1548696017.6362603,988,507,23,,,,,,,
1548696612.7879372,988,507,23,,,,,,,
1548697213.0232189,988,507,23,,,,,,,
1548697813.9597738,988,507,23,,,,,,,
1548698412.9179292,988,507,23,,,,,,,
1548699015.477129,988,507,23,,,,,,,
1548699613.8989465,988,507,23,,,,,,,
1548700214.860981,988,507,23,,,,,,,
1548700816.5590804,988,507,23,,,,,,,
1548701413.5980263,988,507,23,,,,,,,
1548702013.797884,988,507,23,,,,,,,
1548702612.8812706,988,507,23,,,,,,,
1548703214.3152466,988,507,23,,,,,,,
1548703814.3068967,990,507,23,,,,,,,
1548704414.2680461,992,507,23,,,,,,,
1548705012.7107413,992,507,23,,,,,,,
1548705618.0769818,992,507,23,,,,,,,
1548706213.1393375,992,507,23,,,,,,,
1548706813.2802448,992,507,23,,,,,,,
1548707413.9377868,992,507,23,,,,,,,
1548708013.707643,992,507,23,,,,,,,
1548708614.7444367,992,507,23,,,,,,,
1548709213.5253725,992,507,23,,,,,,,
1548709812.5684655,992,507,23,,,,,,,
1548710425.508343,992,507,23,,,,,,,
1548711012.895906,992,507,23,,,,,,,
1548711612.8847082,992,507,23,,,,,,,
1548712214.229777,992,507,23,,,,,,,
1548712813.1135957,994,508,23,,,,,,,
1548713413.1740131,994,508,23,,,,,,,
1548714013.270716,994,508,23,,,,,,,
1548714613.30797,994,508,23,,,,,,,
1548715212.4514759,994,508,23,,,,,,,
1548715813.0241592,994,508,23,,,,,,,
