epoch,followers,following,media,accessibility_caption,comments_disabled,liked_by,is_video,location,taken_at,caption
1548680266.8291,988,507,23,,,,,,,
1548680418.5912142,988,507,23,,,,,,,
1548681013.5021255,988,507,23,,,,,,,
1548681613.323663,988,507,23,,,,,,,
1548682213.502233,988,507,23,,,,,,,
1548682813.6140232,988,507,23,,,,,,,
1548683412.6636493,988,507,23,,,,,,,
