epoch,followers,following,media
1548514202.3732638,1455,221,107
1548514802.4181645,1456,221,107
1548515401.7236645,1457,221,107
1548516001.7829373,1457,221,107
1548516601.8204775,1457,221,107
1548517202.4674702,1457,221,107
1548517802.5048628,1457,221,107
1548518402.5153673,1457,221,107
1548519002.1995761,1458,221,107
1548519602.2128696,1458,221,107
1548520202.250841,1458,221,107
1548520801.912419,1459,221,107
1548521401.9544356,1458,221,107
