epoch,followers,following,media,accessibility_caption,comments_disabled,liked_by,is_video,location,taken_at,caption
1548680271.8686368,649,462,25,,,,,,,
1548680423.4550712,649,462,25,,,,,,,
1548681018.3502016,649,462,25,,,,,,,
1548681618.526097,649,462,25,,,,,,,
1548682219.4355464,649,462,25,,,,,,,
1548682818.6022494,648,462,25,,,,,,,
1548683418.3172483,648,462,25,,,,,,,
