epoch,followers,following,media,accessibility_caption,comments_disabled,liked_by,is_video,location,taken_at,caption
1548883846.7354877,668,466,26,,,,,,,
1548884435.6972606,668,466,26,,,,,,,
1548885018.7931025,668,466,26,,,,,,,
1548885635.6136959,668,466,26,,,,,,,
1548886220.3260045,668,466,26,,,,,,,
1548886820.2048616,668,466,26,,,,,,,
1548887421.259895,668,466,26,,,,,,,
1548888020.133721,668,466,26,,,,,,,
