epoch,followers,following,media
1548514202.3732638,2078,260,33
1548514802.4181645,2078,260,33
1548515401.7236645,2080,260,33
1548516001.7829373,2081,260,33
1548516601.8204775,2081,260,33
1548517202.4674702,2081,260,33
1548517802.5048628,2081,260,33
1548518402.5153673,2081,260,33
1548519002.1995761,2081,260,33
1548519602.2128696,2081,260,33
1548520202.250841,2081,260,33
1548520801.912419,2082,260,33
1548521401.9544356,2082,260,33
