epoch,followers,following,media,accessibility_caption,comments_disabled,liked_by,is_video,location,taken_at,caption
1548680259.3868732,15843,245,232,,,,,,,
1548680406.1096387,15843,245,232,,,,,,,
1548681006.0638628,15843,245,232,,,,,,,
1548681605.751342,15843,245,232,,,,,,,
1548682205.9468758,15843,245,232,,,,,,,
1548682805.6791933,15843,245,232,,,,,,,
1548683405.6451771,15843,245,232,,,,,,,
1548684006.0606632,15843,245,232,,,,,,,
1548684605.7606902,15843,245,232,,,,,,,
1548685205.8721583,15844,245,232,,,,,,,
1548685805.8630526,15844,245,232,,,,,,,
1548686406.140064,15844,245,232,,,,,,,
1548687006.0712264,15843,245,232,,,,,,,
1548687606.914612,15844,245,232,,,,,,,
1548688205.8593714,15844,245,232,,,,,,,
1548688806.3128862,15844,245,232,,,,,,,
1548689406.0265617,15844,245,232,,,,,,,
1548690005.303223,15844,245,232,,,,,,,
1548690605.9207156,15843,245,232,,,,,,,
1548691205.6744754,15844,245,232,,,,,,,
1548691806.042629,15843,245,232,,,,,,,
1548692405.9132707,15843,245,232,,,,,,,
1548693006.1578562,15843,245,232,,,,,,,
1548693605.5568707,15843,245,232,,,,,,,
1548694206.1940153,15844,245,232,,,,,,,
