epoch,followers,following,media,accessibility_caption,comments_disabled,liked_by,is_video,location,taken_at,caption
1548680267.2743945,988,507,23,,,,,,,
1548680419.0847077,988,507,23,,,,,,,
1548681013.943364,988,507,23,,,,,,,
1548681613.7612607,988,507,23,,,,,,,
1548682213.97628,988,507,23,,,,,,,
1548682814.0586548,988,507,23,,,,,,,
1548683413.1130297,988,507,23,,,,,,,
1548684014.4689815,988,507,23,,,,,,,
1548684614.0583262,988,507,23,,,,,,,
1548685213.767208,988,507,23,,,,,,,
1548685816.8331277,988,507,23,,,,,,,
1548686414.0663214,988,507,23,,,,,,,
1548687013.9051304,988,507,23,,,,,,,
1548687622.8497407,988,507,23,,,,,,,
1548688213.5776906,988,507,23,,,,,,,
1548688814.2623236,988,507,23,,,,,,,
1548689413.7107067,988,507,23,,,,,,,
1548690012.7868826,988,507,23,,,,,,,
1548690613.3826756,988,507,23,,,,,,,
1548691214.5384073,988,507,23,,,,,,,
1548691813.9001276,988,507,23,,,,,,,
1548692413.8454952,988,507,23,,,,,,,
1548693018.803339,988,507,23,,,,,,,
1548693613.7392814,988,507,23,,,,,,,
1548694214.1451147,988,507,23,,,,,,,
