epoch,followers,following,media,accessibility_caption,comments_disabled,liked_by,is_video,location,taken_at,caption
1548680267.2743945,988,507,23,,,,,,,
1548680419.0847077,988,507,23,,,,,,,
1548681013.943364,988,507,23,,,,,,,
1548681613.7612607,988,507,23,,,,,,,
1548682213.97628,988,507,23,,,,,,,
1548682814.0586548,988,507,23,,,,,,,
1548683413.1130297,988,507,23,,,,,,,
