epoch,followers,following,media,accessibility_caption,comments_disabled,liked_by,is_video,location,taken_at,caption
1548883841.7723486,1547,118,0,,,,,,,
1548884424.351977,1547,118,0,,,,,,,
1548885013.9625542,1547,118,0,,,,,,,
1548885625.5495088,1547,118,0,,,,,,,
1548886215.436682,1547,118,0,,,,,,,
1548886815.4476871,1547,118,0,,,,,,,
1548887416.3962562,1547,118,0,,,,,,,
1548888015.4525733,1547,118,0,,,,,,,
1548888616.421135,1547,118,0,,,,,,,
