epoch,followers,following,media,accessibility_caption,comments_disabled,liked_by,is_video,location,taken_at,caption
1548883844.0527408,14,40,6,,,,,,,
1548884426.4165602,14,40,6,,,,,,,
1548885016.1370952,14,40,6,,,,,,,
1548885632.6999638,14,40,6,,,,,,,
1548886217.7246556,14,40,6,,,,,,,
1548886817.5299873,14,40,6,,,,,,,
1548887418.6110485,14,40,6,,,,,,,
1548888017.5909295,14,40,6,,,,,,,
