epoch,followers,following,media,accessibility_caption,comments_disabled,liked_by,is_video,location,taken_at,caption
1548680269.2431035,2105,220,33,,,,,,,
1548680421.0246277,2105,220,33,,,,,,,
1548681015.9486444,2105,220,33,,,,,,,
1548681616.0720484,2105,220,33,,,,,,,
1548682216.527792,2105,220,33,,,,,,,
1548682816.1160724,2104,220,33,,,,,,,
1548683415.1105547,2104,220,33,,,,,,,
