epoch,followers,following,media,accessibility_caption,comments_disabled,liked_by,is_video,location,taken_at,caption
1548680259.9056315,28616,735,147,,,,,,,
1548680406.590343,28616,735,147,,,,,,,
1548681006.583966,28616,735,147,,,,,,,
1548681606.253095,28616,735,147,,,,,,,
1548682206.441188,28616,735,147,,,,,,,
1548682806.4612088,28616,734,147,,,,,,,
1548683406.1312814,28616,734,147,,,,,,,
