epoch,followers,following,media,accessibility_caption,comments_disabled,liked_by,is_video,location,taken_at,caption
1548883821.3182588,28584,735,147,,,,,,,
1548884416.5069435,28584,735,147,,,,,,,
1548885006.272327,28584,735,147,,,,,,,
1548885616.1426432,28584,735,147,,,,,,,
1548886207.366582,28584,735,147,,,,,,,
1548886807.13567,28583,735,147,,,,,,,
1548887407.0558414,28583,735,147,,,,,,,
1548888006.646911,28583,735,147,,,,,,,
1548888607.0025113,28583,735,147,,,,,,,
